id;passage_text;audio_url;image_url;part_id
1;../fake-data/blob/hipster.txt;noxious zany;guest tomorrow patiently;1
2;../fake-data/blob/hipster.txt;yippee greedily ugh;aside once;2
3;../fake-data/blob/hipster.txt;worse incidentally switchboard;however;3
4;../fake-data/blob/hipster.txt;section;efface;4
5;../fake-data/blob/hipster.txt;across;joyously what skateboard;5
6;../fake-data/blob/hipster.txt;woefully pro;incidentally;6
7;../fake-data/blob/hipster.txt;ha shanghai;instead always;7
8;../fake-data/blob/hipster.txt;ordinary upliftingly than;ouch secularize essay;8
9;../fake-data/blob/hipster.txt;psst;spattering;9
10;../fake-data/blob/hipster.txt;in er esteemed;apropos furthermore;10
11;../fake-data/blob/hipster.txt;cheerfully task where;courageously tenderly behind;11
12;../fake-data/blob/hipster.txt;frightfully;pfft;12
13;../fake-data/blob/hipster.txt;overdub;er;13
14;../fake-data/blob/hipster.txt;ew;goose;14
15;../fake-data/blob/hipster.txt;adventurously seldom absent;geez;15
16;../fake-data/blob/hipster.txt;acidic kit;pigpen crooked lovable;16
17;../fake-data/blob/hipster.txt;well-worn;given;17
18;../fake-data/blob/hipster.txt;forgather hopelessly overspend;snuggle jacket;18
19;../fake-data/blob/hipster.txt;whereas;daintily;19
20;../fake-data/blob/hipster.txt;astride;well expensive;20
21;../fake-data/blob/hipster.txt;loosely;etch;21
22;../fake-data/blob/hipster.txt;beyond vibrant;baggy quaintly;22
23;../fake-data/blob/hipster.txt;or boohoo unripe;ultimately save;23
24;../fake-data/blob/hipster.txt;for peaceful merge;mill entice including;24
25;../fake-data/blob/hipster.txt;jaggedly confound quick-witted;near;25
26;../fake-data/blob/hipster.txt;mysteriously density collaborate;rim;26
27;../fake-data/blob/hipster.txt;triumphantly brr;scaffold tomb;27
28;../fake-data/blob/hipster.txt;abaft uncork;since snappy;28
29;../fake-data/blob/hipster.txt;wafer though memorise;actually presell card;29
30;../fake-data/blob/hipster.txt;yawningly allegation meanwhile;to battle mobilize;30
