id;question_number;content;image_url;audio_url;option_a;option_b;option_c;option_d;correct_option;explanation;part_id
1;35;../fake-data/blob/hipster.txt;against negative;near worth;../fake-data/blob/hipster.txt;../fake-data/blob/hipster.txt;../fake-data/blob/hipster.txt;../fake-data/blob/hipster.txt;B;../fake-data/blob/hipster.txt;1
2;46;../fake-data/blob/hipster.txt;versus teriyaki grumpy;concrete railway;../fake-data/blob/hipster.txt;../fake-data/blob/hipster.txt;../fake-data/blob/hipster.txt;../fake-data/blob/hipster.txt;D;../fake-data/blob/hipster.txt;2
3;80;../fake-data/blob/hipster.txt;while;spiteful if;../fake-data/blob/hipster.txt;../fake-data/blob/hipster.txt;../fake-data/blob/hipster.txt;../fake-data/blob/hipster.txt;D;../fake-data/blob/hipster.txt;3
4;114;../fake-data/blob/hipster.txt;basic;regularly hutch optimistically;../fake-data/blob/hipster.txt;../fake-data/blob/hipster.txt;../fake-data/blob/hipster.txt;../fake-data/blob/hipster.txt;C;../fake-data/blob/hipster.txt;4
5;145;../fake-data/blob/hipster.txt;microchip jealously moist;electronics;../fake-data/blob/hipster.txt;../fake-data/blob/hipster.txt;../fake-data/blob/hipster.txt;../fake-data/blob/hipster.txt;C;../fake-data/blob/hipster.txt;5
6;94;../fake-data/blob/hipster.txt;helplessly book vice;through reconstitute collaborate;../fake-data/blob/hipster.txt;../fake-data/blob/hipster.txt;../fake-data/blob/hipster.txt;../fake-data/blob/hipster.txt;D;../fake-data/blob/hipster.txt;6
7;68;../fake-data/blob/hipster.txt;upward aw gee;pause customise earnest;../fake-data/blob/hipster.txt;../fake-data/blob/hipster.txt;../fake-data/blob/hipster.txt;../fake-data/blob/hipster.txt;B;../fake-data/blob/hipster.txt;7
8;73;../fake-data/blob/hipster.txt;twine solemnly;amidst queasily;../fake-data/blob/hipster.txt;../fake-data/blob/hipster.txt;../fake-data/blob/hipster.txt;../fake-data/blob/hipster.txt;A;../fake-data/blob/hipster.txt;8
9;115;../fake-data/blob/hipster.txt;goodwill by;reopen bookend;../fake-data/blob/hipster.txt;../fake-data/blob/hipster.txt;../fake-data/blob/hipster.txt;../fake-data/blob/hipster.txt;A;../fake-data/blob/hipster.txt;9
10;134;../fake-data/blob/hipster.txt;for arraign;battle abseil;../fake-data/blob/hipster.txt;../fake-data/blob/hipster.txt;../fake-data/blob/hipster.txt;../fake-data/blob/hipster.txt;A;../fake-data/blob/hipster.txt;10
11;189;../fake-data/blob/hipster.txt;broadly within;cope whoever creaking;../fake-data/blob/hipster.txt;../fake-data/blob/hipster.txt;../fake-data/blob/hipster.txt;../fake-data/blob/hipster.txt;A;../fake-data/blob/hipster.txt;11
12;190;../fake-data/blob/hipster.txt;raw;sternly productive impact;../fake-data/blob/hipster.txt;../fake-data/blob/hipster.txt;../fake-data/blob/hipster.txt;../fake-data/blob/hipster.txt;B;../fake-data/blob/hipster.txt;12
13;61;../fake-data/blob/hipster.txt;afore dazzling;vainly untidy;../fake-data/blob/hipster.txt;../fake-data/blob/hipster.txt;../fake-data/blob/hipster.txt;../fake-data/blob/hipster.txt;C;../fake-data/blob/hipster.txt;13
14;34;../fake-data/blob/hipster.txt;wombat;roughly;../fake-data/blob/hipster.txt;../fake-data/blob/hipster.txt;../fake-data/blob/hipster.txt;../fake-data/blob/hipster.txt;B;../fake-data/blob/hipster.txt;14
15;68;../fake-data/blob/hipster.txt;outrun unfortunately yuck;boo apropos annually;../fake-data/blob/hipster.txt;../fake-data/blob/hipster.txt;../fake-data/blob/hipster.txt;../fake-data/blob/hipster.txt;B;../fake-data/blob/hipster.txt;15
16;153;../fake-data/blob/hipster.txt;furthermore past glorious;once;../fake-data/blob/hipster.txt;../fake-data/blob/hipster.txt;../fake-data/blob/hipster.txt;../fake-data/blob/hipster.txt;B;../fake-data/blob/hipster.txt;16
17;196;../fake-data/blob/hipster.txt;beside gadzooks;oof;../fake-data/blob/hipster.txt;../fake-data/blob/hipster.txt;../fake-data/blob/hipster.txt;../fake-data/blob/hipster.txt;B;../fake-data/blob/hipster.txt;17
18;127;../fake-data/blob/hipster.txt;about frightfully;scarcely;../fake-data/blob/hipster.txt;../fake-data/blob/hipster.txt;../fake-data/blob/hipster.txt;../fake-data/blob/hipster.txt;B;../fake-data/blob/hipster.txt;18
19;61;../fake-data/blob/hipster.txt;frenetically easy rapidly;but since cinder;../fake-data/blob/hipster.txt;../fake-data/blob/hipster.txt;../fake-data/blob/hipster.txt;../fake-data/blob/hipster.txt;B;../fake-data/blob/hipster.txt;19
20;118;../fake-data/blob/hipster.txt;of aged save;swathe;../fake-data/blob/hipster.txt;../fake-data/blob/hipster.txt;../fake-data/blob/hipster.txt;../fake-data/blob/hipster.txt;C;../fake-data/blob/hipster.txt;20
21;149;../fake-data/blob/hipster.txt;upon posh;circumference;../fake-data/blob/hipster.txt;../fake-data/blob/hipster.txt;../fake-data/blob/hipster.txt;../fake-data/blob/hipster.txt;C;../fake-data/blob/hipster.txt;21
22;7;../fake-data/blob/hipster.txt;hm;aw versus defiantly;../fake-data/blob/hipster.txt;../fake-data/blob/hipster.txt;../fake-data/blob/hipster.txt;../fake-data/blob/hipster.txt;B;../fake-data/blob/hipster.txt;22
23;78;../fake-data/blob/hipster.txt;rim;qua;../fake-data/blob/hipster.txt;../fake-data/blob/hipster.txt;../fake-data/blob/hipster.txt;../fake-data/blob/hipster.txt;C;../fake-data/blob/hipster.txt;23
24;140;../fake-data/blob/hipster.txt;what outside;duh likely;../fake-data/blob/hipster.txt;../fake-data/blob/hipster.txt;../fake-data/blob/hipster.txt;../fake-data/blob/hipster.txt;D;../fake-data/blob/hipster.txt;24
25;80;../fake-data/blob/hipster.txt;whole;scrabble;../fake-data/blob/hipster.txt;../fake-data/blob/hipster.txt;../fake-data/blob/hipster.txt;../fake-data/blob/hipster.txt;A;../fake-data/blob/hipster.txt;25
26;128;../fake-data/blob/hipster.txt;defensive dial funny;cute co-producer yuck;../fake-data/blob/hipster.txt;../fake-data/blob/hipster.txt;../fake-data/blob/hipster.txt;../fake-data/blob/hipster.txt;C;../fake-data/blob/hipster.txt;26
27;23;../fake-data/blob/hipster.txt;whenever;meaty;../fake-data/blob/hipster.txt;../fake-data/blob/hipster.txt;../fake-data/blob/hipster.txt;../fake-data/blob/hipster.txt;C;../fake-data/blob/hipster.txt;27
28;113;../fake-data/blob/hipster.txt;jeopardise;however;../fake-data/blob/hipster.txt;../fake-data/blob/hipster.txt;../fake-data/blob/hipster.txt;../fake-data/blob/hipster.txt;B;../fake-data/blob/hipster.txt;28
29;2;../fake-data/blob/hipster.txt;suddenly;ha;../fake-data/blob/hipster.txt;../fake-data/blob/hipster.txt;../fake-data/blob/hipster.txt;../fake-data/blob/hipster.txt;B;../fake-data/blob/hipster.txt;29
30;108;../fake-data/blob/hipster.txt;paralyse depot;notwithstanding until;../fake-data/blob/hipster.txt;../fake-data/blob/hipster.txt;../fake-data/blob/hipster.txt;../fake-data/blob/hipster.txt;C;../fake-data/blob/hipster.txt;30
