id;user_id;email;phone;address
1;why;Rosario97@yahoo.com;(699) 962-0662;sand rotating dash
2;bidet boohoo;Kari_Waters86@hotmail.com;1-401-987-6975 x7011;ack scientific where
3;behind;Bell91@yahoo.com;(765) 567-0809;airport
4;behind or;Chasity47@yahoo.com;850-744-0833;bus
5;atop undergo;Desmond.Olson17@hotmail.com;1-851-573-0865;deck drum
6;moment helplessly;Gia_Lebsack@yahoo.com;(213) 360-6580 x59241;like fooey
7;polished;Jackie.Leannon@yahoo.com;(278) 287-0280 x9369;sniveling instead affectionate
8;phooey catalog shrilly;Abraham.Gutmann@yahoo.com;696.322.0856;aching
9;cautiously;Braxton13@gmail.com;891.441.5271 x316;inside regarding
10;detective scented;Stephen.Ruecker@gmail.com;(663) 461-7661;usually though banish
11;wretched now whose;Frank_Bartell@hotmail.com;206.566.4706;even until
12;than playfully;Lillian_Pollich33@yahoo.com;(209) 368-2625 x1525;obedient
13;hm unfortunate low;Brianne94@yahoo.com;406.555.0836 x125;selfishly
14;obediently;Frankie_Hauck41@hotmail.com;(945) 542-2702 x440;substantiate
15;acquaintance quintuple;Luella_Conn@yahoo.com;921-481-3092 x55717;wedding
16;qua;Alycia19@hotmail.com;302-982-3254 x01819;fiercely mmm actual
17;hm geez ack;Marques13@hotmail.com;1-592-801-2560;rear musty
18;hm dapper;Justice_Gottlieb@gmail.com;1-221-374-5148 x804;grounded
19;bah;Kendrick50@gmail.com;686.981.4466;bravely
20;daily;Sydney.Watsica65@hotmail.com;208-594-0408;gad ick aw
21;into;Reinhold.Connelly@hotmail.com;(352) 585-8486;when
22;whoa mmm;Penny_Nienow84@yahoo.com;261.689.3370 x6179;lashes chapel uncomfortable
23;maintainer;Rufus.Adams@gmail.com;(226) 426-5965 x5801;mmm deed
24;pish;Sidney.Satterfield@hotmail.com;848.509.2077 x8362;labourer where confused
25;shampoo;Tillman.Bogan@hotmail.com;468-682-7266 x8385;carefully representation puff
26;broadly;Eliane78@gmail.com;565-945-7198 x0788;aw condense
27;amendment highly;Emerson_Abernathy90@hotmail.com;1-504-550-6963 x17487;across
28;meh anenst;Simeon_Konopelski24@gmail.com;748.744.5599 x880;redesign webbed
29;bootleg border;Josh.Bartoletti54@yahoo.com;247-970-4858 x7222;favorite abaft
30;dark;Turner50@hotmail.com;1-352-482-1972;yieldingly wetly catch
