id;user_id;name;email;phone;address
1;throughout;a safely;Dayana34@gmail.com;559-432-1453;where
2;mid synergy;lamp especially;Jacinto_Nitzsche44@yahoo.com;746-212-6108;shipper valiantly
3;dock;why easy;Dariana.Kreiger@hotmail.com;1-655-381-2251 x063;scornful yahoo unaccountably
4;justly splay fathom;hope;Sheila22@gmail.com;(723) 559-1665 x32756;linseed lest
5;circle for;inasmuch;Remington58@gmail.com;1-778-713-5414;disarm seriously alongside
6;intermarry ick cluttered;meanwhile hmph once;Magdalen.Terry@hotmail.com;308.483.3874;familiarize ack bony
7;punctually careless any;anenst common wicked;Howell87@hotmail.com;(760) 664-9669;heavy fathom minister
8;secularize but;tusk;Katrina_Rau95@hotmail.com;800.631.4642 x68480;vivaciously willfully buzzing
9;including;because;Angela33@yahoo.com;1-609-591-4327 x64542;curse repurpose
10;yum;citizen;Twila_Gleason76@gmail.com;(682) 892-5397 x09533;row private glass
11;up afterwards than;lest ick;Margarita55@hotmail.com;619-801-8055;yahoo
12;correctly;lest;Salvador_Christiansen@gmail.com;481.695.6478 x8466;bare utilized aggressive
13;afore;um avalanche;Grayson_Braun@yahoo.com;(536) 709-2393 x0194;over
14;rise sushi;below;Edgar.Erdman8@gmail.com;741.895.8713 x886;fabricate sans
15;brr;oof kaleidoscopic cap;Casandra77@yahoo.com;276.208.4740 x6169;pine
16;common;silt gee superior;Tristin.Powlowski@hotmail.com;(942) 296-8899;for
17;represent what probate;whose gift excluding;Keshawn_Feil@gmail.com;663.667.4834;concrete
18;lend cinch gah;unto ouch;Flo_Schulist69@gmail.com;607-283-4179 x2951;insecure mysteriously so
19;per er onto;since artistic;Erik.Kuhlman16@gmail.com;851.246.1657 x49663;aw reopen modulo
20;onto;achieve engage emphasise;Tyshawn.Wiegand@yahoo.com;1-943-807-1071 x18303;gee er denitrify
21;adventurously aha;fooey separately;Jedidiah62@hotmail.com;1-826-846-0180 x48182;at
22;dishonor like;madly midst;Elva58@gmail.com;973.698.3252 x73247;at
23;fuss;given highly sunbeam;Heidi.Dooley53@hotmail.com;1-279-547-9791 x949;what
24;pry distinction;furthermore meanwhile;Dangelo47@gmail.com;963-245-9429 x625;alarmed joshingly
25;gee geez convection;biodegrade tightly;Mateo49@gmail.com;866-778-5092 x179;ferociously even switchboard
26;provided;brilliant;Joann_Steuber90@yahoo.com;(610) 986-8521 x8831;short
27;when;recovery;Renee_Kuvalis11@yahoo.com;1-322-640-3535;uh-huh like against
28;shoulder;beneath;Leora84@yahoo.com;376.816.6293;round criminal
29;yuck huzzah intermesh;institute owlishly happy-go-lucky;Steve.Waters@hotmail.com;557.224.8230 x60230;victorious frantically commonly
30;navigate;once between;Kamren_Harvey@yahoo.com;987-613-6854 x7573;custody trim tenant
