id;order_code;gateway;raw_payload;signature;is_verified;response_code;created_at
1;ignorant quick-witted ack;BANK_TRANSFER;../fake-data/blob/hipster.txt;after cheetah drat;false;er;2023-12-08T10:37:43
2;straight;VNPAY;../fake-data/blob/hipster.txt;duh bicycle speedily;true;loftily messy;2023-12-07T18:06:55
3;desecrate amid swat;ZALOPAY;../fake-data/blob/hipster.txt;too instead however;false;phew likewise;2023-12-08T04:40:50
4;yahoo wherever;BANK_TRANSFER;../fake-data/blob/hipster.txt;huzzah yearly yuppify;true;finally or huddle;2023-12-07T21:59:24
5;from gadzooks tough;MOMO;../fake-data/blob/hipster.txt;pfft;false;sneaky;2023-12-08T02:40:17
6;circa colorless buzzing;VNPAY;../fake-data/blob/hipster.txt;clinch;false;quiet athletic;2023-12-08T02:11:12
7;after;VNPAY;../fake-data/blob/hipster.txt;excepting easily;true;besides nor;2023-12-07T20:10:50
8;at yowza cruelly;BANK_TRANSFER;../fake-data/blob/hipster.txt;insidious rawhide procurement;false;besides careless;2023-12-08T00:32:41
9;scoop;MOMO;../fake-data/blob/hipster.txt;even astride;true;linear whereas;2023-12-08T09:54:19
10;pace;ZALOPAY;../fake-data/blob/hipster.txt;ha;false;gape;2023-12-07T19:22:38
11;outdo peninsula;BANK_TRANSFER;../fake-data/blob/hipster.txt;adolescent since;true;lazily hyena;2023-12-07T20:42:41
12;abnegate characterization;BANK_TRANSFER;../fake-data/blob/hipster.txt;forearm;false;forenenst disadvanta;2023-12-08T03:43:48
13;why under jellyfish;VNPAY;../fake-data/blob/hipster.txt;oh;true;immaculate;2023-12-07T14:00:29
14;deplore powerfully;STRIPE;../fake-data/blob/hipster.txt;yuck;true;unimportant out pro;2023-12-07T16:05:17
15;amongst daily scamper;ZALOPAY;../fake-data/blob/hipster.txt;internalize;false;whoever mooch;2023-12-07T20:16:53
16;speedily;BANK_TRANSFER;../fake-data/blob/hipster.txt;daintily;true;huzzah mysterious jo;2023-12-08T03:17:21
17;prime kaleidoscopic shy;MOMO;../fake-data/blob/hipster.txt;joyously design;false;geez;2023-12-08T03:33:39
18;cannon within;ZALOPAY;../fake-data/blob/hipster.txt;metabolise back fiercely;false;disinherit because c;2023-12-08T11:01:27
19;ugh demob nor;BANK_TRANSFER;../fake-data/blob/hipster.txt;yowza beyond overdub;true;meanwhile;2023-12-08T06:32:07
20;finally structure;MOMO;../fake-data/blob/hipster.txt;savour;true;festival to if;2023-12-07T19:20:14
21;per since;MOMO;../fake-data/blob/hipster.txt;via;true;often;2023-12-07T23:50:55
22;boldly fleck wherever;VNPAY;../fake-data/blob/hipster.txt;at;false;because woefully;2023-12-07T22:37:51
23;revere gape sternly;VNPAY;../fake-data/blob/hipster.txt;deduction mid;true;disgorge whoa ick;2023-12-07T14:50:49
24;hastily elastic;BANK_TRANSFER;../fake-data/blob/hipster.txt;outside instead bid;true;spirit conjecture;2023-12-07T17:54:32
25;instead transplant;VNPAY;../fake-data/blob/hipster.txt;sashay truthfully;false;uncomfortable phew j;2023-12-08T10:00:15
26;monstrous regarding apricot;BANK_TRANSFER;../fake-data/blob/hipster.txt;rapidly vague;true;emulsify egg;2023-12-07T19:49:03
27;geez per bossy;ZALOPAY;../fake-data/blob/hipster.txt;sternly into that;true;likewise sequester;2023-12-07T21:11:38
28;yet;ZALOPAY;../fake-data/blob/hipster.txt;psst;false;coordinated;2023-12-07T23:50:26
29;upbeat drat aw;BANK_TRANSFER;../fake-data/blob/hipster.txt;instead ew incidentally;false;lest;2023-12-07T14:20:44
30;bookend consequently;MOMO;../fake-data/blob/hipster.txt;daintily;false;hunt thick;2023-12-07T17:47:48
